20281,20.00,45.00,46.20,48.05,19.00,23.53,37.74,45.74

40549,20.00,49.85,50.00,50.00,20.00,25.60,39.15,53.70

60288,20.00,48.50,50.00,50.00,20.00,26.05,41.35,55.50

80294,20.00,48.65,50.00,50.00,20.00,25.80,39.95,50.55

100301,20.00,48.75,50.00,50.00,20.00,26.35,39.40,50.10

120308,20.00,47.10,50.00,50.00,20.00,26.65,40.05,54.30

140316,20.00,48.30,50.00,50.00,20.00,26.20,38.85,47.95

160326,20.00,49.40,50.00,50.00,20.00,26.40,37.30,47.75

180338,20.00,50.05,50.15,52.25,20.00,26.85,38.75,50.50

200348,20.00,47.10,52.40,65.65,20.00,26.35,40.95,56.25

220360,20.00,48.90,50.00,50.00,20.00,26.05,38.85,54.55

240374,20.00,49.35,50.00,50.00,20.00,26.00,39.35,52.80

260802,20.00,48.15,50.00,50.00,20.00,24.70,38.35,51.00

280405,20.00,49.80,50.00,50.00,20.00,26.05,41.35,54.50

300421,20.00,49.05,50.00,50.00,20.00,26.70,41.85,53.00

320437,20.00,47.75,50.00,50.00,20.00,25.95,40.75,51.45

340454,20.00,48.80,50.00,50.00,20.00,25.65,39.10,53.95

360473,20.00,47.70,50.00,50.00,20.00,26.40,40.30,53.50

380492,20.00,46.45,49.15,50.00,20.00,26.25,39.55,50.90

400512,20.00,46.25,48.25,50.00,20.00,25.75,38.95,50.95

420532,20.00,46.70,48.75,50.00,20.00,25.50,38.90,49.90

440555,20.00,46.40,48.85,49.80,20.00,25.25,39.00,52.65

461182,20.00,48.40,49.50,50.00,20.00,25.25,39.85,52.90

480600,20.00,51.30,52.75,66.70,20.00,28.85,44.95,61.40

500646,20.00,46.65,52.65,62.90,20.00,28.05,42.50,55.70

520645,20.00,48.75,49.20,49.85,20.00,26.75,41.05,56.00

540670,20.00,48.80,50.00,50.00,20.00,26.05,39.10,51.00

560694,20.00,47.30,49.85,50.00,20.00,26.50,37.15,50.10

580718,20.00,43.85,47.50,50.00,20.00,24.70,37.95,51.05

600744,18.00,43.39,47.06,50.00,20.00,24.95,38.55,48.20

620770,20.00,43.25,46.35,50.00,20.00,26.35,39.45,48.90

640794,20.00,44.55,46.90,50.00,20.00,26.45,39.90,50.95

660819,20.00,44.95,46.75,50.00,20.00,25.75,38.05,48.35

680845,20.00,43.55,46.25,50.00,20.00,26.25,40.50,54.45

700869,20.00,43.80,45.80,49.70,20.00,26.45,40.10,51.45

720893,20.00,47.15,49.90,49.90,20.00,29.60,45.35,60.40

740918,20.00,43.40,47.85,50.00,20.00,26.45,40.50,52.30

760944,20.00,43.45,46.50,50.00,20.00,26.45,39.90,51.15

780971,20.00,42.95,46.15,50.00,20.00,24.75,39.55,50.25

800996,20.00,43.70,45.15,49.75,20.00,25.10,36.75,46.80

821059,20.00,46.70,48.40,49.80,20.00,26.50,40.30,54.50

841051,20.00,45.20,48.65,49.95,20.00,26.70,40.60,55.30

861078,20.00,46.55,48.00,50.00,20.00,27.25,41.35,52.10

881105,20.00,47.20,49.35,49.90,20.00,27.05,42.10,54.90

901460,20.00,43.35,47.40,50.00,20.00,25.50,37.75,49.25

921160,20.00,44.10,46.30,49.75,20.00,25.45,37.45,47.20

941187,20.00,44.25,46.50,50.00,20.00,25.50,37.80,51.00

961212,20.00,41.70,45.50,49.95,20.00,24.65,37.65,46.30

981239,20.00,43.60,45.95,49.85,20.00,26.05,38.90,50.50

1001637,20.00,42.95,45.95,50.00,20.00,25.50,38.20,51.40

1021289,20.00,42.70,45.20,49.35,20.00,25.80,39.25,50.85

1041313,20.00,43.40,46.15,49.95,20.00,24.00,36.85,48.15

1061337,20.00,44.45,46.90,50.00,20.00,24.80,38.85,47.80

1081362,20.00,42.80,45.05,49.60,20.00,25.25,36.55,43.95

1101386,20.00,45.50,46.95,49.90,20.00,24.15,39.30,50.85

1122171,20.00,45.15,47.05,50.00,20.00,26.10,39.40,50.85

1141438,20.00,44.10,46.75,50.00,20.00,26.20,39.90,53.30

1161465,20.00,43.80,46.00,50.00,20.00,25.65,38.85,48.85

1181490,20.00,43.55,46.20,50.00,20.00,25.75,37.90,49.10

1201516,20.00,44.25,46.00,49.95,20.00,24.85,38.15,48.95

1221542,20.00,46.60,47.50,50.00,20.00,25.50,39.10,49.45

1241567,20.00,46.80,48.00,50.00,20.00,24.80,35.40,46.55

1261855,20.00,44.15,47.80,49.75,20.00,24.55,37.10,45.90

1281619,20.00,41.45,44.65,49.05,20.00,26.15,40.10,50.95

1301644,20.00,43.85,45.00,49.85,20.00,26.85,39.05,51.45

1321669,20.00,45.30,46.65,50.00,20.00,26.40,38.00,47.90

1341695,20.00,46.65,47.55,50.00,20.00,26.90,39.10,50.40

1361721,20.00,48.75,49.20,49.95,20.00,26.70,40.00,53.65

1381747,20.00,48.05,50.00,50.00,20.00,26.65,38.80,52.00

1402468,20.00,47.05,49.30,49.95,20.00,25.65,39.05,50.40

1421798,20.00,45.25,48.10,50.00,20.00,25.45,36.20,46.70

1441825,20.00,47.30,48.70,50.00,20.00,25.75,36.40,48.10

1461853,20.00,48.45,50.00,50.00,20.00,25.60,36.25,46.65

1481880,20.00,47.35,49.70,50.00,20.00,24.90,37.50,49.45

1501906,20.00,46.20,48.85,49.90,20.00,25.85,39.10,51.35

1521932,20.00,47.60,48.55,50.00,20.00,24.85,38.30,52.20

1541958,20.00,48.65,49.90,50.00,20.00,24.95,37.40,49.15

1561984,20.00,45.95,49.20,49.85,20.00,25.45,37.75,49.45

1582009,20.00,46.55,48.00,50.00,20.00,24.90,38.35,50.25

1602034,20.00,48.00,48.70,49.85,20.00,25.80,37.85,49.40

1622060,20.00,47.20,49.50,50.00,20.00,26.15,38.85,51.15

1642514,20.00,47.35,49.00,50.00,20.00,24.05,36.10,47.75

1662112,20.00,48.70,49.50,50.00,20.00,25.30,38.35,49.20

1682137,20.00,46.45,49.35,50.00,20.00,24.55,37.10,48.95

1702163,20.00,45.40,48.00,49.95,20.00,25.55,39.55,52.65

1722187,20.00,46.20,48.00,50.00,20.00,25.95,37.95,47.60

1742212,18.00,47.17,48.33,50.00,20.00,26.50,39.35,48.75

1762236,20.00,46.50,48.90,50.00,20.00,25.55,38.50,52.55

1782700,20.00,45.55,47.45,50.00,20.00,25.60,38.35,49.05

1802286,20.00,46.35,48.00,50.00,20.00,26.65,40.35,50.95

1822312,20.00,45.15,47.95,50.00,20.00,25.95,38.40,49.35

1842336,20.00,44.05,46.65,49.60,20.00,26.55,39.75,50.10

1862362,20.00,45.45,46.80,50.00,20.00,25.45,38.05,50.05

1882387,20.00,44.05,47.00,50.00,20.00,25.75,37.40,47.60

1902412,20.00,43.80,47.35,50.00,20.00,27.15,41.40,52.25

1922436,20.00,44.65,47.00,50.00,20.00,26.35,40.00,54.50

1942461,20.00,43.00,46.80,50.00,20.00,26.45,39.30,50.45

1962485,20.00,45.15,46.55,50.00,20.00,25.25,38.00,50.50

1982509,20.00,45.20,47.45,50.00,20.00,25.35,39.00,51.45

2002533,20.00,47.35,48.95,49.95,20.00,24.85,39.10,51.85

2023152,20.00,49.00,49.60,49.90,20.00,25.95,39.45,51.70

2042581,20.00,46.20,49.00,50.00,20.00,26.20,40.15,52.70

2062604,20.00,46.90,48.80,49.60,20.00,26.05,38.80,48.90

2082627,20.00,43.55,47.45,49.90,20.00,24.35,38.00,49.65

2102650,20.00,45.35,47.70,50.00,20.00,24.90,38.55,50.00

2122672,20.00,46.20,48.00,49.95,20.00,25.25,37.90,49.40

2142692,20.00,45.80,48.90,49.90,20.00,25.35,38.55,49.70

2162712,20.00,45.70,48.00,50.00,20.00,26.50,38.60,50.85

2182732,20.00,47.55,48.25,50.00,20.00,26.25,37.95,48.80

2203354,20.00,45.60,48.05,50.00,20.00,25.35,38.40,51.10

2222774,20.00,46.15,47.85,50.00,20.00,26.05,39.55,51.45

2242793,20.00,47.95,49.00,50.00,20.00,26.45,39.55,53.55

2262811,20.00,48.25,49.95,50.00,20.00,25.10,36.30,49.15

2282830,20.00,48.60,50.00,50.00,20.00,26.10,40.00,53.15

2302849,20.00,47.10,49.50,50.00,20.00,26.35,39.60,50.25

2322866,20.00,46.80,48.60,49.80,20.00,26.60,38.55,47.65

2342885,20.00,47.40,49.55,50.00,20.00,25.70,37.60,48.40

2362902,20.00,46.90,48.45,50.00,20.00,25.45,35.50,49.20

2382921,20.00,48.40,49.45,50.00,20.00,25.75,38.40,48.90

2402984,20.00,45.85,48.15,50.00,20.00,25.20,36.65,46.75

2423059,19.00,47.74,48.68,49.89,20.00,26.10,39.05,50.20

2442978,20.00,47.80,49.45,50.00,20.00,26.00,39.80,48.65

2462999,20.00,47.50,49.35,49.75,20.00,25.60,36.70,46.75

2483019,20.00,47.85,49.40,49.70,20.00,27.20,37.40,49.60

2503039,20.00,48.65,50.00,50.00,20.00,26.55,37.35,50.45

2523059,20.00,47.10,49.75,50.00,20.00,26.25,38.40,49.00

2543082,20.00,45.80,48.25,49.95,20.00,23.90,36.40,46.15

2563099,20.00,47.70,49.40,49.50,20.00,25.05,37.75,51.10

2583119,20.00,47.60,49.20,49.45,20.00,26.20,39.00,50.80

2603139,20.00,48.35,50.00,50.00,20.00,25.50,40.00,50.20

2623681,20.00,48.70,50.00,50.00,20.00,24.75,38.00,48.85

2643178,20.00,47.00,49.85,50.00,20.00,26.35,40.40,51.45

2663205,20.00,47.90,49.35,50.00,20.00,26.90,41.00,54.10

2683216,20.00,48.70,50.00,50.00,20.00,26.45,40.15,53.15

2703235,20.00,49.40,50.00,50.00,20.00,26.20,40.55,55.45

2723252,20.00,47.95,50.00,50.00,20.00,26.15,41.20,53.05

2743318,20.00,49.55,50.00,50.00,20.00,25.30,39.80,50.30

2763289,20.00,48.05,50.00,50.00,20.00,26.15,38.45,49.75

2783308,20.00,47.85,50.00,50.00,20.00,26.40,39.20,51.85

2803617,20.00,48.35,50.00,50.00,20.00,27.50,41.15,53.20

2823345,20.00,48.20,49.80,50.00,20.00,25.85,38.50,52.75

2843362,20.00,48.20,50.00,50.00,20.00,24.85,37.70,47.80

2863379,20.00,49.20,50.00,50.00,20.00,25.20,38.20,50.30

2883650,20.00,49.05,50.00,50.00,20.00,25.10,40.40,52.20

2903412,20.00,46.50,48.95,49.95,20.00,26.75,40.90,53.10

2923430,20.00,47.25,49.00,49.50,20.00,26.00,38.90,53.20

2943447,20.00,44.25,48.10,49.90,20.00,26.40,38.60,52.45

2963465,20.00,45.05,47.90,49.70,19.00,27.42,39.84,50.74

2983611,20.00,45.35,48.05,49.95,20.00,27.05,40.85,52.55

3003498,20.00,45.75,48.00,49.80,20.00,26.60,38.35,48.60

3023517,20.00,46.45,48.00,50.00,20.00,25.30,39.00,50.35

3043535,20.00,46.10,48.00,49.65,20.00,27.50,41.15,55.55

3063553,20.00,46.85,48.00,50.00,20.00,26.80,39.15,50.95

3083570,20.00,42.55,47.45,50.00,20.00,27.30,40.60,51.50

3103587,20.00,46.40,47.50,50.00,20.00,26.20,40.75,52.05

3123605,20.00,44.00,47.30,50.00,20.00,26.20,37.20,47.75

3143624,20.00,42.65,45.65,49.70,20.00,26.40,38.85,49.75

3163643,20.00,45.75,47.05,50.00,20.00,26.10,40.35,51.60

3183828,20.00,44.90,48.10,50.00,20.00,26.90,38.35,53.80

3203678,20.00,44.20,47.60,50.00,20.00,26.25,39.90,49.30

3223696,20.00,46.05,47.50,50.00,20.00,26.35,37.45,51.45

3243713,20.00,47.50,48.25,50.00,20.00,25.55,38.70,51.90

3263730,20.00,46.45,48.55,49.60,20.00,26.20,39.60,51.55

3283748,20.00,47.95,49.40,49.80,20.00,25.60,37.35,46.20

3303766,20.00,47.30,49.00,49.55,20.00,25.80,38.75,49.90

3323875,20.00,48.90,49.85,50.00,20.00,26.10,40.75,54.75

3343800,20.00,48.35,50.00,50.00,20.00,25.55,38.95,51.35

3363817,20.00,48.85,50.00,50.00,20.00,25.15,37.75,50.95

3383834,20.00,47.75,49.80,50.00,20.00,26.30,38.90,51.00

3403850,20.00,47.80,49.65,50.00,20.00,27.60,39.50,50.65

3423867,20.00,49.15,50.00,50.00,20.00,26.35,38.80,49.35

3443884,20.00,48.60,50.00,50.00,20.00,25.55,38.75,53.50

3464356,20.00,49.30,50.00,50.00,20.00,26.75,40.85,56.65

3483916,20.00,47.35,49.70,49.80,20.00,27.20,41.70,57.60

3503932,20.00,47.10,49.50,49.90,20.00,26.55,41.55,54.40

3523949,20.00,47.50,48.80,49.95,20.00,26.35,40.35,54.35

3543965,20.00,47.65,49.70,50.00,20.00,27.00,40.20,53.75

3563981,20.00,49.10,50.00,50.00,20.00,25.70,38.00,49.45

3583995,20.00,49.80,50.00,50.00,20.00,25.95,39.80,52.80

3604010,20.00,47.75,50.00,50.00,20.00,25.95,37.65,51.05

3624025,20.00,46.95,49.60,49.60,20.00,26.30,40.00,50.80

3644041,20.00,49.25,50.00,50.00,20.00,26.30,39.35,50.00

3664171,20.00,48.95,50.10,51.85,20.00,26.85,41.25,54.25

3684072,20.00,49.90,54.80,76.75,20.00,28.00,44.00,59.20

3704086,20.00,45.15,51.75,59.00,20.00,27.20,40.00,52.40

3724101,20.00,43.70,48.50,49.90,20.00,26.70,40.00,51.00

3744115,20.00,45.30,46.95,49.95,20.00,27.15,40.00,52.70

3764650,20.00,45.55,48.00,50.00,20.00,27.75,40.70,57.25

3784145,20.00,43.35,47.35,50.00,20.00,25.65,39.95,51.00

3804159,20.00,46.70,48.20,49.95,20.00,25.65,38.10,47.95

3824175,20.00,48.30,49.70,49.95,20.00,25.20,38.10,48.55

3844191,20.00,49.65,50.00,50.00,20.00,25.75,38.70,50.50

3864206,20.00,45.95,49.35,50.00,20.00,24.55,38.70,52.30

3884494,20.00,48.35,49.30,49.85,20.00,26.55,39.40,57.35

3904235,20.00,47.65,49.85,49.90,20.00,24.35,37.50,50.50

3924249,20.00,46.40,49.20,49.80,20.00,25.10,38.00,50.25

3944264,20.00,48.25,49.40,49.85,20.00,25.50,39.50,50.20

3964278,20.00,47.60,49.30,49.85,20.00,26.40,39.70,56.05

3984819,20.00,47.80,49.30,49.60,20.00,26.45,39.25,55.90

4004310,20.00,46.80,48.85,49.85,20.00,26.20,39.20,49.55

4024325,20.00,48.65,49.45,49.65,20.00,27.60,41.20,52.40

4044340,20.00,49.40,50.00,50.00,20.00,27.40,43.10,57.65

4064863,20.00,49.15,50.00,50.00,20.00,27.30,41.30,56.30

4084368,20.00,48.20,50.00,50.00,20.00,26.60,40.90,53.95

4104383,20.00,49.10,50.00,50.00,20.00,25.95,39.35,50.90

4124406,20.00,48.45,50.00,50.00,20.00,26.65,40.45,51.80

4144414,20.00,45.55,48.40,50.00,20.00,27.60,41.05,52.55

4164427,20.00,49.45,49.90,50.00,20.00,25.30,36.10,49.45

4184442,20.00,47.25,49.65,50.00,20.00,27.20,39.95,51.85

4204457,20.00,47.70,49.70,49.85,20.00,26.50,37.45,48.60

4224471,20.00,46.95,48.55,50.00,20.00,25.05,36.65,49.45

4244485,20.00,47.10,48.45,49.75,20.00,26.85,39.60,52.80

4264498,20.00,47.45,49.25,49.75,20.00,25.70,38.50,52.60

4284512,20.00,48.70,49.80,49.90,20.00,26.85,39.85,53.20

4304524,20.00,48.25,50.00,50.00,20.00,25.40,38.15,49.15

4325209,20.00,49.20,50.00,50.00,20.00,24.85,36.65,46.85

4344552,20.00,48.80,50.00,50.00,20.00,26.25,39.50,53.55

4364566,20.00,49.05,50.00,50.00,20.00,25.70,38.00,52.95

4385248,20.00,48.10,50.00,50.00,20.00,26.60,39.15,50.40

4404593,20.00,49.25,50.00,50.00,20.00,25.75,39.45,52.80

4425062,20.00,48.70,50.00,50.00,20.00,25.80,40.40,52.30

4444621,20.00,48.60,49.90,50.00,20.00,26.20,39.70,52.20

4464635,20.00,48.00,49.85,50.00,20.00,26.55,41.00,53.25

4484648,20.00,49.00,50.00,50.00,20.00,26.35,40.15,54.80

4504661,20.00,45.95,49.20,50.00,20.00,26.25,40.65,53.40

4524674,20.00,47.80,48.50,50.00,20.00,26.45,39.30,52.35

4544686,20.00,47.35,49.40,50.00,20.00,26.20,37.90,50.40

4565073,20.00,48.30,49.70,49.85,20.00,26.10,39.00,51.05

4584713,20.00,48.55,49.75,50.00,20.00,27.05,41.60,55.65

4604727,20.00,47.85,49.30,50.00,20.00,26.80,38.55,53.50

4624740,20.00,48.95,50.00,50.00,20.00,25.50,35.95,52.55

4644752,20.00,47.90,50.00,50.00,20.00,26.55,37.85,51.20

4664764,20.00,48.90,50.00,50.00,20.00,26.05,39.70,52.55

4684775,20.00,48.70,50.00,50.00,20.00,26.35,38.80,51.65

4705215,20.00,49.20,50.00,50.00,20.00,25.35,39.95,51.50

4724797,20.00,48.00,49.85,50.00,20.00,26.35,40.75,54.90

4744808,20.00,48.90,49.55,49.95,20.00,26.00,38.80,49.75

4764819,20.00,48.80,50.00,50.00,20.00,26.10,38.70,52.00

4784829,20.00,48.30,49.90,50.00,20.00,27.45,41.40,55.70

4804840,20.00,47.70,50.00,50.00,20.00,27.20,41.35,56.75

4824849,20.00,48.90,50.00,50.00,20.00,27.35,42.30,56.15

4844862,20.00,49.45,50.00,50.00,20.00,27.20,42.35,51.25

4864873,20.00,48.30,50.00,50.00,20.00,25.90,39.30,49.15

4885184,20.00,48.25,50.00,50.00,20.00,26.45,39.05,53.40

4904896,20.00,48.80,50.00,50.00,20.00,27.15,40.20,53.25

4924908,20.00,48.60,50.00,50.00,20.00,27.95,40.95,54.35

4944921,20.00,48.40,49.70,50.00,20.00,26.35,40.70,52.60

4964952,20.00,48.00,50.00,50.00,20.00,26.20,39.75,50.70

4985454,20.00,48.40,50.00,50.00,20.00,27.00,40.00,52.25

5004960,20.00,48.20,50.00,50.00,20.00,24.90,37.50,51.45

5024973,20.00,49.05,50.00,50.00,20.00,26.15,38.60,49.80

5044985,20.00,48.35,50.00,50.00,20.00,26.05,39.30,48.85

5064999,20.00,46.00,49.35,49.60,20.00,25.70,38.95,49.45

5085218,20.00,48.80,49.70,49.95,20.00,26.45,39.55,53.45

5105026,20.00,49.35,50.00,50.00,20.00,27.10,41.55,53.20

5125040,20.00,48.40,50.00,50.00,20.00,25.25,39.70,52.05

5145053,20.00,48.65,50.00,50.00,20.00,26.55,40.05,52.05

5165771,20.00,48.50,50.00,50.00,20.00,27.15,41.45,54.30

5185080,20.00,47.35,49.25,49.80,20.00,27.55,39.10,52.45

5205091,20.00,48.55,50.00,50.00,20.00,27.15,39.85,52.20

5225103,20.00,49.25,50.00,50.00,20.00,27.65,42.45,56.00

5245114,20.00,49.65,50.00,50.00,20.00,26.50,41.30,53.65

5265271,20.00,49.75,50.00,50.00,20.00,26.60,41.95,53.35

5285139,20.00,49.35,50.00,50.00,20.00,27.20,40.55,55.00

5305149,20.00,49.75,50.00,50.00,20.00,27.15,41.90,56.05

5325161,20.00,49.45,50.05,50.90,20.00,26.95,39.35,51.85

5345173,20.00,48.55,50.10,51.80,20.00,26.60,40.65,55.85

5365186,20.00,49.00,50.00,50.00,20.00,25.95,41.65,55.55

5385200,20.00,49.60,50.00,50.00,20.00,27.15,41.15,54.60

5405213,20.00,49.65,50.00,50.00,20.00,27.70,41.90,54.50

5425226,20.00,48.25,50.40,57.15,20.00,26.30,40.65,51.45

5445322,20.00,49.50,50.10,52.15,20.00,26.35,39.70,52.10

5465250,20.00,46.90,51.20,62.90,20.00,26.85,42.25,53.55

5485263,20.00,48.75,50.00,50.00,20.00,26.10,40.25,55.20

5505275,20.00,49.75,50.00,50.00,20.00,26.85,40.70,55.70

5525801,20.00,49.60,50.00,50.00,20.00,25.15,40.70,52.70

5545300,20.00,49.30,50.00,50.00,20.00,26.60,40.70,52.10

5565312,20.00,48.95,50.00,50.00,20.00,27.45,42.85,54.95

5585324,20.00,48.60,50.00,50.00,20.00,26.70,40.95,53.80

5605337,20.00,48.70,50.00,50.00,20.00,27.35,39.55,52.00

5625348,20.00,48.05,50.00,50.00,20.00,26.70,40.85,53.45

5645659,20.00,48.55,50.00,50.00,20.00,25.70,39.65,54.30

5665370,20.00,49.20,50.00,50.00,20.00,27.05,41.05,52.90

5685381,20.00,47.05,49.50,49.95,20.00,27.35,41.30,55.25

5705392,20.00,49.50,50.00,50.00,20.00,26.40,39.95,52.80

5725403,20.00,48.90,50.00,50.00,20.00,27.65,39.80,51.30

5745414,20.00,48.55,50.00,50.00,20.00,26.45,39.45,51.70

5765425,20.00,48.80,50.00,50.00,20.00,26.65,40.45,52.20

5785435,20.00,49.30,50.00,50.00,20.00,26.35,39.90,52.35

5805445,20.00,49.95,50.00,50.00,20.00,26.65,38.70,51.85

5825455,20.00,49.70,50.10,51.30,20.00,26.05,40.10,51.10

5845837,20.00,48.25,50.10,51.40,20.00,26.15,40.10,50.70

5865478,20.00,49.60,50.00,50.00,20.00,27.05,41.30,54.30

5885855,20.00,49.40,50.00,50.00,20.00,26.75,41.25,54.05

5905501,20.00,48.45,50.00,50.00,20.00,27.15,41.25,54.85

5925513,20.00,48.75,50.00,50.00,20.00,27.15,42.15,55.70

5945525,20.00,48.40,50.00,50.00,20.00,27.40,41.20,54.50

5965538,20.00,47.85,50.00,50.00,20.00,26.25,40.95,53.70

5985549,20.00,48.10,49.75,49.90,20.00,26.75,41.20,55.00

6005560,20.00,49.20,50.00,50.00,20.00,26.45,40.95,52.15

6025571,20.00,48.90,50.00,50.00,20.00,26.45,40.95,55.20

6045582,20.00,49.00,50.00,50.00,20.00,26.20,38.75,50.05

6065592,20.00,48.10,50.00,50.00,20.00,26.85,39.55,53.60

6085603,20.00,49.00,50.00,50.00,20.00,26.55,38.05,50.65

6105614,20.00,47.95,49.75,50.00,20.00,26.50,38.05,48.40

6125624,20.00,48.10,49.65,50.00,20.00,26.50,39.70,53.00

6145635,20.00,47.65,49.00,50.00,20.00,26.15,41.20,54.20

6165645,20.00,47.55,49.45,50.00,20.00,25.60,38.35,49.70

6185657,20.00,47.90,49.50,49.85,20.00,26.30,37.75,51.50

6205669,20.00,47.40,49.90,50.00,20.00,25.10,38.10,50.05

6225682,20.00,48.70,49.80,50.00,20.00,25.35,37.05,51.25

6245693,20.00,49.80,50.00,50.00,20.00,26.80,39.40,52.25

6265727,20.00,48.70,50.00,50.00,20.00,27.05,40.60,53.15

6285715,20.00,47.75,50.00,50.00,20.00,26.30,39.80,50.95

6305726,20.00,49.10,50.00,50.00,20.00,27.25,41.10,55.65

6325737,20.00,49.55,50.00,50.00,20.00,27.00,41.10,54.45

6345775,20.00,48.15,50.00,50.00,20.00,26.60,39.40,50.90

6365758,20.00,48.25,50.00,50.00,20.00,27.35,41.85,53.00

6385768,20.00,48.55,50.00,50.00,20.00,26.20,39.55,51.15

6405779,20.00,49.00,50.00,50.00,20.00,26.65,38.35,49.30

6425791,20.00,48.85,50.00,50.00,20.00,25.95,38.45,51.15

6445800,20.00,47.50,50.00,50.00,20.00,27.20,40.50,54.40

6465811,20.00,48.35,49.90,49.95,20.00,25.45,38.25,51.10

6485821,20.00,48.00,50.00,50.00,20.00,25.30,38.15,52.85

6506277,20.00,48.90,50.00,50.00,20.00,26.95,39.50,52.05

6525843,20.00,48.25,50.00,50.00,20.00,26.15,39.00,52.35

6545855,20.00,48.15,50.00,50.00,20.00,25.60,39.50,56.50

6566247,20.00,49.05,50.00,50.00,20.00,26.95,41.45,52.65

6585877,20.00,49.40,50.00,50.00,20.00,26.60,39.55,52.45

6605888,20.00,49.25,50.00,50.00,20.00,26.30,38.85,51.45

6625898,20.00,47.90,50.00,50.00,20.00,26.55,39.70,55.60

6645909,20.00,48.25,50.00,50.00,20.00,26.20,40.65,54.60

6665919,20.00,47.70,50.00,50.00,20.00,25.30,39.40,53.15

6685928,20.00,47.60,50.00,50.00,20.00,26.40,41.30,52.60

6706623,20.00,47.30,49.75,49.90,20.00,26.60,40.15,53.30

6725949,20.00,48.35,49.30,50.00,20.00,26.00,38.85,50.85

6745959,20.00,48.40,50.00,50.00,20.00,26.60,39.30,52.95

6766586,20.00,49.35,50.00,50.00,20.00,27.15,40.70,50.55

6785982,20.00,48.55,50.00,50.00,20.00,26.30,38.95,51.15

6805994,20.00,47.70,49.65,49.95,20.00,27.15,39.75,53.95

6826004,20.00,48.70,50.00,50.00,20.00,26.45,40.70,51.20

6846013,20.00,48.45,49.70,50.00,20.00,26.45,39.80,51.60

6866023,20.00,49.60,50.00,50.00,20.00,26.00,37.90,47.75

6886034,20.00,48.95,50.00,50.00,20.00,27.10,40.40,51.15

6906095,20.00,48.15,50.00,50.00,20.00,26.50,38.35,51.20

6926052,20.00,48.05,50.00,50.00,20.00,27.45,39.20,50.50

6946063,20.00,48.25,49.75,50.00,20.00,27.80,41.10,54.65

6966078,20.00,49.80,49.90,50.00,20.00,27.05,41.00,52.30

6986085,20.00,46.90,49.70,49.75,20.00,27.30,40.75,51.85

7006095,20.00,48.45,49.70,49.75,20.00,25.75,39.15,53.95

7026104,20.00,46.65,49.45,50.00,20.00,26.60,40.50,51.10

7046114,20.00,48.85,49.55,50.00,20.00,27.80,43.00,55.05

7066820,20.00,49.85,50.00,50.00,20.00,27.60,42.05,56.85

7086134,20.00,48.75,50.00,50.00,20.00,27.30,42.20,56.25

7106144,20.00,50.00,50.00,50.00,20.00,27.85,41.95,55.10

7126154,20.00,46.70,49.60,49.95,20.00,28.00,42.80,57.15

7146165,20.00,49.25,49.60,50.00,20.00,27.20,43.15,56.35

7166196,20.00,49.65,50.00,50.00,20.00,27.05,41.15,51.90

7186185,20.00,49.70,50.00,50.00,20.00,27.20,42.00,54.65

7206195,20.00,48.30,50.00,50.00,20.00,28.00,41.65,54.45

7226309,20.00,47.60,49.60,50.00,20.00,26.70,40.95,53.30

7246215,20.00,49.30,50.00,50.00,20.00,26.75,40.45,53.35

7266224,20.00,46.60,49.35,50.00,20.00,27.15,42.45,54.30

7286353,20.00,49.35,49.90,50.00,20.00,27.55,42.90,56.85

7306243,20.00,49.40,50.00,50.00,20.00,27.00,42.05,56.55

7326252,20.00,48.25,50.00,50.00,20.00,27.35,42.55,55.65

7346261,20.00,49.25,50.00,50.00,20.00,26.85,40.85,53.35

7366417,20.00,49.95,50.00,50.00,20.00,27.85,42.20,56.10

7386279,18.00,49.00,50.00,50.00,20.00,27.60,40.70,52.45

7406288,20.00,48.70,50.00,50.00,20.00,27.25,41.65,56.60

7426298,20.00,49.60,50.00,50.00,20.00,27.50,41.70,54.75

7446308,20.00,49.90,50.00,50.00,20.00,26.50,41.10,53.25

7466494,20.00,48.95,50.00,50.00,20.00,27.15,42.85,58.00

7486328,20.00,49.65,50.00,50.00,20.00,28.80,43.85,58.35

7506337,20.00,49.55,50.00,50.00,20.00,27.25,41.70,54.95

7526347,20.00,49.80,50.00,50.00,20.00,27.75,42.90,59.45

7546356,20.00,49.85,50.05,50.70,20.00,27.55,42.55,57.55

7566364,20.00,49.40,50.15,51.80,20.00,27.40,40.25,55.10

7586373,20.00,49.10,50.00,50.00,20.00,27.90,39.65,51.75

7606382,20.00,48.50,50.00,50.00,20.00,27.25,41.60,54.45

7626391,20.00,49.55,50.00,50.00,20.00,27.35,40.55,52.50

7646399,20.00,49.70,50.00,50.00,20.00,27.10,41.15,55.75

7666406,20.00,49.85,50.00,50.00,20.00,27.85,42.60,53.65

7686415,20.00,48.65,50.10,51.80,20.00,27.30,40.30,56.05

7706421,20.00,48.55,51.80,63.20,20.00,28.40,42.60,57.40

7726430,20.00,47.65,50.45,56.05,20.00,27.90,43.50,58.10

7746548,20.00,48.95,50.00,50.00,20.00,27.85,42.00,57.70

7766448,20.00,49.25,50.00,50.00,20.00,27.70,41.80,56.65

7786457,20.00,49.30,50.15,52.40,20.00,27.15,42.30,55.45

7806467,20.00,47.75,50.65,61.95,20.00,27.70,41.20,52.15

7826477,20.00,47.05,50.65,62.65,20.00,28.50,43.90,57.75

7846486,20.00,49.75,50.00,50.00,20.00,28.10,43.55,57.60

7866496,20.00,48.80,51.10,61.05,20.00,28.10,42.65,55.45

7886505,20.00,49.10,50.10,51.60,20.00,28.60,43.10,55.25

7906515,20.00,48.60,50.35,57.45,20.00,27.45,42.50,54.15

7926523,20.00,46.05,50.65,62.25,20.00,29.15,44.35,56.00

7946532,20.00,49.95,52.75,68.85,20.00,29.45,44.35,60.20

7966543,20.00,50.20,53.80,70.40,20.00,31.55,46.70,64.25

7986554,20.00,52.15,55.75,71.00,20.00,31.35,47.60,62.00

8006564,20.00,46.30,54.90,70.40,20.00,29.10,46.05,60.30

8026726,20.00,48.90,50.75,58.55,20.00,29.40,44.40,59.05

8046583,20.00,49.90,50.00,50.00,20.00,29.15,44.30,61.15

8066592,20.00,48.50,50.40,57.80,20.00,28.65,43.70,58.85

8087137,20.00,50.10,50.70,56.75,20.00,29.00,45.50,60.95

8106610,20.00,47.10,52.50,69.80,20.00,29.30,44.15,60.50

8126618,20.00,47.35,52.25,68.25,20.00,28.80,44.10,59.05

8146626,20.00,44.80,51.40,67.00,20.00,28.35,44.15,59.60

8166990,20.00,48.15,50.80,59.15,20.00,28.55,44.35,58.10

8186644,20.00,48.95,51.85,66.55,20.00,28.90,44.20,57.90

8206652,20.00,47.10,51.95,68.25,20.00,28.75,42.80,56.50

8226660,20.00,47.20,51.45,60.50,20.00,28.90,43.60,58.10

8246668,20.00,49.15,51.65,67.40,20.00,29.05,44.05,57.05

8266676,20.00,50.50,56.55,74.20,20.00,29.10,45.75,60.75

8287033,20.00,47.45,52.00,68.85,20.00,29.35,45.10,61.40

8306693,20.00,50.70,54.70,69.05,20.00,29.70,46.40,60.95

8326701,20.00,48.60,53.50,68.80,20.00,29.15,45.95,61.65

8346710,20.00,50.50,54.80,71.60,20.00,30.10,45.95,61.30

8366717,20.00,50.45,55.20,71.95,20.00,30.50,44.75,59.75

8386726,20.00,49.05,55.35,72.95,20.00,30.65,46.40,62.00

8406733,20.00,50.35,54.85,71.45,20.00,30.40,45.60,60.55

8426741,20.00,49.85,54.20,70.95,20.00,30.00,45.70,62.10

8446749,20.00,48.50,55.05,74.10,20.00,29.50,45.95,59.15

8466757,20.00,47.55,54.65,71.60,20.00,29.50,44.85,60.15

8486766,20.00,48.75,50.15,52.85,20.00,29.35,44.00,57.45

8507465,20.00,48.70,52.55,71.45,20.00,29.30,43.60,57.95

8526782,20.00,49.20,55.15,71.80,20.00,29.40,45.70,60.80

8547224,20.00,49.30,53.70,69.90,20.00,30.00,45.15,62.00

8566802,20.00,46.35,53.65,71.75,20.00,29.90,45.75,61.50

8586982,20.00,49.35,52.50,68.55,20.00,29.65,45.00,57.80

8606821,20.00,46.25,52.75,72.60,20.00,30.10,45.85,58.45

8626831,20.00,47.60,52.75,69.35,20.00,29.70,46.00,62.00

8646841,20.00,49.05,54.40,73.90,20.00,30.00,45.20,62.35

8666851,20.00,48.20,53.00,71.65,20.00,29.70,44.75,60.75

8686861,20.00,46.60,52.65,72.05,20.00,30.60,46.95,62.95

8706890,20.00,48.35,50.65,59.15,20.00,29.35,44.85,61.15

8726882,19.00,48.89,50.32,53.95,20.00,30.05,45.55,61.80

8746888,20.00,50.80,52.90,66.70,20.00,29.85,44.90,59.70

8766896,20.00,48.45,52.45,69.85,20.00,29.95,46.40,62.65

8786904,20.00,50.15,54.05,73.80,20.00,29.95,45.80,58.25

8807349,20.00,50.65,56.45,74.65,20.00,30.10,46.20,59.85

8826919,20.00,46.75,52.45,65.15,20.00,29.55,45.85,62.75

8846928,20.00,50.05,52.10,64.95,20.00,29.30,44.40,59.00

8866938,20.00,47.70,54.60,71.95,20.00,29.75,44.55,59.05

8886947,20.00,52.25,55.55,74.95,20.00,30.65,47.45,61.35

8906957,20.00,48.95,54.65,71.05,20.00,30.20,46.90,62.65

8926967,20.00,53.45,56.90,72.75,20.00,30.80,48.00,63.70

8946977,20.00,47.80,56.85,76.25,20.00,31.00,45.85,59.90

8966987,20.00,49.00,54.35,72.30,20.00,31.10,47.75,60.25

8986997,20.00,51.95,57.05,74.50,20.00,29.60,45.95,60.55

9007356,20.00,48.85,55.35,72.05,20.00,29.75,45.40,59.25

9027019,20.00,49.55,55.30,77.10,20.00,30.25,46.50,60.70

9047028,20.00,49.45,55.95,73.75,20.00,30.45,45.70,59.80

9067038,20.00,49.35,54.35,70.80,20.00,30.10,45.85,57.95

9087047,20.00,47.00,52.00,67.15,20.00,29.85,47.00,62.10

9107056,20.00,50.55,54.70,72.90,20.00,29.40,45.65,60.75

9127065,20.00,50.65,55.90,72.90,20.00,30.95,46.70,61.65

9147073,20.00,48.35,53.85,69.85,20.00,30.70,46.60,63.85

9167082,20.00,49.75,52.15,65.85,20.00,30.90,46.60,64.10

9187613,20.00,51.15,57.10,76.35,20.00,30.80,47.20,63.05

9207100,20.00,48.20,55.25,75.30,20.00,31.10,47.05,64.75

9227108,20.00,48.90,55.00,73.20,20.00,31.00,46.75,63.85

9247115,20.00,52.05,56.75,77.85,20.00,30.35,45.80,61.00

9267124,20.00,50.90,56.80,72.85,20.00,30.25,46.30,65.25

9287134,20.00,49.65,56.80,77.35,20.00,31.35,47.10,62.50

9307145,20.00,49.95,54.55,71.25,20.00,31.25,46.50,63.45

9327154,20.00,49.00,54.55,71.45,20.00,30.35,45.40,59.35

9347164,20.00,47.85,53.90,70.50,20.00,29.40,45.25,58.40

9367172,20.00,48.55,53.90,70.00,20.00,30.45,46.60,63.70

9387183,20.00,47.75,53.10,73.45,20.00,30.45,45.60,61.60

9407194,20.00,49.05,54.20,71.45,20.00,31.15,47.10,62.45

9427204,20.00,49.05,53.40,69.35,20.00,30.75,47.45,62.30

9447213,20.00,51.70,56.05,73.45,20.00,31.20,47.60,63.60

9467223,20.00,49.40,56.35,73.80,20.00,30.75,46.15,62.10

9487233,20.00,52.85,56.70,71.75,20.00,31.50,46.80,63.85

9507242,20.00,48.15,56.05,74.50,20.00,30.50,44.50,59.10

9527399,20.00,52.35,55.85,74.60,20.00,29.50,44.55,61.10

9547260,20.00,47.70,54.75,74.75,20.00,30.60,45.20,61.00

9567267,20.00,51.60,55.20,73.70,20.00,28.70,44.60,62.50

9587275,20.00,51.35,56.60,74.00,20.00,30.65,44.70,60.55

9607283,20.00,51.35,57.30,73.80,20.00,30.20,45.15,63.15

9627290,20.00,50.95,56.75,74.45,20.00,30.15,45.80,60.45

9647298,20.00,48.75,55.30,70.95,20.00,30.80,46.65,61.85

9667305,20.00,50.15,54.55,71.90,20.00,32.10,47.50,63.05

9687311,20.00,52.05,56.40,72.15,20.00,30.25,45.75,60.60

9707317,20.00,48.95,54.05,69.15,20.00,29.40,45.85,62.20

9727377,20.00,45.40,52.50,71.00,20.00,30.10,46.25,63.65

9747332,20.00,48.75,50.25,54.95,20.00,30.05,45.90,61.85

9767409,20.00,48.10,53.05,74.90,20.00,31.00,47.20,61.50

9787348,20.00,44.40,51.30,69.45,20.00,29.90,45.55,61.85

9807355,20.00,49.20,50.00,50.00,20.00,29.45,45.20,60.50

9827363,20.00,49.35,50.15,52.15,20.00,30.20,44.85,60.95

9847371,20.00,50.05,50.25,53.40,20.00,29.90,46.35,62.25

9867378,20.00,48.35,52.95,68.95,20.00,30.70,47.45,62.70

9887385,20.00,50.10,54.80,70.35,20.00,30.85,46.95,62.30

9907391,20.00,46.25,51.55,61.45,20.00,29.85,46.20,61.95

9927398,20.00,47.70,51.65,65.15,20.00,30.15,46.85,62.40

9947752,20.00,46.15,51.50,63.80,20.00,30.75,47.85,64.10

9967411,20.00,49.20,50.30,52.90,20.00,31.90,47.80,62.25

9987419,20.00,50.25,55.40,71.90,20.00,31.35,46.65,63.55

10007427,20.00,50.85,55.30,74.90,20.00,30.45,46.45,59.10

10027698,20.00,48.35,55.25,72.40,20.00,30.55,47.35,61.30

10047444,20.00,51.50,55.35,71.75,20.00,30.80,48.00,64.15

10067453,20.00,52.20,56.55,74.80,20.00,30.55,46.75,61.25

10087461,20.00,48.35,54.30,73.75,20.00,30.65,47.15,59.65

10107470,20.00,55.35,58.85,76.15,20.00,29.65,44.95,60.00

10127478,20.00,44.70,53.15,66.10,20.00,30.25,47.20,63.75

10147485,20.00,49.60,50.00,50.00,20.00,30.90,46.55,60.35

10167492,20.00,49.45,50.00,50.00,20.00,30.00,46.40,61.85

10187499,20.00,50.00,51.25,61.90,20.00,29.55,46.05,61.40

10207507,20.00,48.05,54.45,72.90,20.00,30.10,47.20,62.95

10228053,20.00,48.90,52.15,66.85,20.00,29.80,45.50,61.45

10247525,20.00,48.30,53.05,68.10,20.00,30.30,45.70,62.10

10267532,19.00,51.42,55.53,69.89,20.00,30.80,45.60,61.30

10287540,20.00,48.60,54.75,71.25,20.00,31.30,46.15,61.90

10307548,20.00,50.95,54.45,71.55,20.00,30.65,47.45,61.25

10327556,20.00,50.80,57.50,79.15,20.00,29.95,46.25,62.10

10347563,20.00,49.70,55.60,74.50,20.00,30.35,46.45,60.25

10368008,20.00,55.20,58.20,77.20,20.00,30.60,47.65,60.80

10387580,20.00,46.50,56.10,74.75,20.00,30.65,47.20,63.60

10407589,20.00,53.20,56.05,73.05,20.00,30.95,48.40,66.40

10427597,20.00,51.55,57.55,74.20,20.00,31.15,47.10,62.70

10447605,20.00,48.50,54.20,70.00,20.00,31.35,47.85,64.20

10467614,20.00,47.40,52.55,69.45,20.00,31.10,46.45,61.70

10487623,20.00,51.95,55.50,74.05,20.00,30.65,46.65,64.10

10507630,20.00,50.65,55.80,74.75,20.00,30.80,46.20,59.70

10527639,20.00,49.95,56.35,74.45,20.00,30.30,44.20,57.25

10547648,20.00,52.85,56.90,72.05,20.00,30.70,46.90,63.15

10567657,20.00,52.60,58.00,75.30,20.00,30.65,46.20,63.80

10587664,20.00,52.45,57.80,77.65,20.00,31.00,46.65,62.70

10607672,20.00,51.75,58.90,75.80,20.00,30.70,46.40,62.10

10627681,20.00,56.45,59.85,75.30,20.00,31.40,46.05,62.95

10647688,20.00,51.55,58.15,74.50,20.00,31.85,47.80,64.80

10667697,20.00,53.85,59.45,80.25,20.00,30.85,47.75,62.70

10688306,20.00,53.15,58.90,76.25,20.00,31.10,47.20,63.25

10707714,20.00,51.05,57.85,77.95,20.00,30.70,48.00,65.90

10728071,20.00,51.70,56.70,72.40,20.00,30.30,46.05,64.00

10747730,20.00,51.05,58.00,78.60,20.00,30.05,45.60,60.15

10767736,20.00,51.85,57.65,76.90,20.00,31.15,46.90,63.65

10788426,20.00,53.30,57.05,73.35,20.00,31.35,47.85,65.95

10807750,20.00,54.55,59.55,77.15,20.00,31.05,47.90,63.40

10827757,20.00,52.55,60.65,79.55,20.00,30.30,45.95,61.05

10847764,20.00,49.50,57.45,78.50,20.00,30.25,47.10,62.00

10867771,20.00,51.85,55.55,74.15,20.00,30.10,45.70,62.45

10887780,20.00,52.20,56.45,73.30,20.00,30.25,46.00,62.80

10907788,18.00,53.44,57.83,77.67,20.00,30.10,45.90,60.50

10927796,20.00,54.35,59.45,79.10,20.00,30.05,44.65,59.65

10947803,20.00,50.65,57.50,72.90,20.00,29.75,45.30,60.35

10967811,20.00,51.55,56.40,75.75,20.00,30.30,45.90,62.95

10987816,20.00,47.95,54.95,71.90,20.00,30.10,45.50,60.70

11007821,20.00,52.85,56.90,73.70,20.00,30.60,46.75,63.40

11027827,20.00,53.15,58.80,76.50,20.00,30.15,44.55,59.65

11048434,20.00,53.20,57.65,73.80,20.00,30.30,46.35,60.65

11067845,20.00,50.90,59.35,80.15,20.00,31.25,47.45,64.90

11088543,20.00,49.65,56.30,73.70,20.00,30.90,46.60,61.20

11107861,20.00,47.70,54.50,77.30,20.00,29.60,44.30,56.70

11127869,20.00,50.20,54.45,71.60,20.00,29.85,45.20,57.85

11147878,20.00,52.65,58.00,78.20,20.00,31.45,46.10,59.80

11167885,20.00,52.90,57.45,74.85,20.00,32.10,47.00,63.75

11187891,20.00,57.75,60.80,77.65,20.00,31.65,47.10,65.30

11207897,20.00,56.55,62.30,80.70,20.00,31.40,47.55,67.15

11227905,20.00,55.80,61.65,79.25,20.00,31.50,47.70,63.00

11247913,20.00,51.95,59.65,79.85,20.00,31.15,46.95,65.25

11267920,20.00,54.35,58.50,74.70,20.00,32.30,49.00,64.70

11288207,20.00,52.80,58.15,77.70,20.00,32.10,47.35,60.85

11307935,20.00,55.20,60.70,79.95,20.00,31.40,48.30,64.65

11328197,20.00,56.30,61.45,80.60,20.00,31.55,48.85,64.40

11347948,20.00,58.25,63.95,81.70,20.00,30.75,49.25,62.55

11368527,20.00,54.95,60.55,80.60,20.00,31.40,47.45,65.40

11387960,20.00,55.55,61.45,77.00,20.00,31.80,49.15,65.15

11407967,20.00,54.45,60.60,82.40,20.00,31.40,46.90,63.75

11427974,20.00,56.60,61.00,78.25,20.00,31.15,48.05,65.10

11447982,20.00,54.20,59.10,77.40,20.00,32.05,49.75,65.55

11467989,20.00,63.80,67.05,89.80,20.00,33.35,51.15,69.35

11487996,20.00,62.30,67.70,88.15,20.00,33.45,52.20,71.30

11508521,20.00,58.00,66.45,86.45,20.00,32.25,49.75,64.90

11528009,20.00,60.80,65.85,84.75,20.00,32.05,49.05,63.55

11548016,20.00,60.45,67.00,87.20,20.00,33.90,51.90,68.50

11568023,20.00,60.00,67.45,87.10,20.00,33.05,51.10,69.30

11588031,20.00,56.60,62.95,80.95,20.00,32.75,50.50,66.55

11608039,20.00,59.15,63.45,83.60,20.00,32.50,51.10,69.55

11628046,20.00,58.50,63.85,87.75,20.00,32.30,50.40,68.85

11648055,20.00,60.80,66.00,86.60,20.00,31.90,49.25,69.75

11668062,20.00,63.20,67.35,86.75,20.00,31.45,48.45,67.35

11688070,20.00,58.00,64.95,82.90,20.00,31.00,47.65,64.85

11708077,20.00,58.85,63.60,82.75,20.00,32.50,48.40,62.40

11728082,20.00,63.75,67.55,86.50,20.00,31.90,50.00,66.85

11748148,20.00,60.15,68.05,89.60,20.00,32.65,49.55,67.80

11768095,20.00,59.65,66.30,87.40,20.00,31.15,48.20,64.10

11788101,20.00,59.60,64.85,84.30,20.00,32.30,49.00,68.05

11808367,20.00,61.45,68.20,88.35,20.00,31.40,49.10,66.90

11828114,20.00,60.60,66.30,83.55,20.00,33.10,51.80,68.10

11848120,20.00,60.15,65.35,84.55,20.00,33.05,51.30,67.85

11868126,20.00,63.45,67.65,84.00,20.00,32.45,51.75,70.60

11888133,20.00,63.60,69.10,89.30,20.00,33.00,50.85,69.20

11908139,20.00,57.80,66.20,85.95,20.00,32.55,51.60,70.35

11928146,20.00,64.00,66.35,87.50,20.00,31.90,50.45,70.65

11948153,20.00,70.95,72.30,94.30,20.00,32.45,52.10,69.00

11968760,20.00,86.30,93.95,122.55,20.00,41.90,68.20,85.40

11988164,20.00,71.05,86.60,111.35,20.00,35.30,55.80,75.85

12008171,20.00,69.85,78.80,103.85,20.00,33.40,52.80,72.95

12028177,20.00,63.75,73.25,96.90,20.00,33.60,52.60,71.65

12048184,20.00,65.10,71.15,94.70,20.00,33.25,51.75,71.50

12068190,20.00,64.55,70.40,91.30,20.00,33.55,53.30,72.75

12088473,20.00,60.75,68.65,89.90,20.00,33.70,52.30,69.75

12108205,20.00,59.70,67.05,89.00,20.00,32.05,50.25,69.75

12128254,20.00,63.70,69.50,94.75,20.00,33.60,53.25,72.75

12148217,19.00,60.37,67.84,90.11,20.00,33.90,53.95,73.20

12168224,20.00,68.75,73.05,98.30,20.00,32.70,53.40,71.95

12188919,20.00,73.55,79.15,105.45,20.00,35.10,55.95,77.80

12208236,20.00,78.00,82.30,109.35,20.00,35.65,55.90,77.70

12228243,20.00,72.30,83.50,109.70,20.00,34.70,56.70,77.20

12248953,20.00,76.35,83.10,114.00,20.00,39.00,61.60,77.75

12268256,20.00,91.70,98.10,128.45,20.00,43.95,72.35,85.00

12288261,20.00,86.85,98.40,125.05,20.00,39.50,65.35,78.80

12309036,20.00,79.15,88.20,115.80,20.00,40.35,65.00,83.05

12328273,20.00,87.70,96.90,123.80,20.00,47.30,73.35,88.75

12348277,20.00,74.95,86.45,113.55,20.00,37.40,59.05,74.10

12368809,20.00,75.80,83.45,110.90,20.00,35.60,58.20,76.70

12388287,20.00,71.40,82.85,109.20,20.00,34.80,54.00,73.45

12408292,20.00,78.60,82.40,109.30,20.00,34.60,55.85,76.60

12428298,20.00,75.40,85.25,111.70,20.00,34.80,55.55,76.60

12448309,20.00,69.80,80.55,105.45,20.00,34.90,53.35,74.50

12468308,20.00,72.45,80.30,106.85,20.00,34.45,54.70,72.05

12488315,20.00,71.45,78.30,103.35,20.00,34.45,54.95,71.70

12508321,20.00,70.75,78.40,103.00,20.00,33.55,53.50,75.20

12528326,20.00,67.85,76.10,99.80,20.00,33.90,54.75,72.35

12548332,20.00,63.65,72.10,96.20,20.00,33.40,53.15,73.75

12568700,20.00,61.90,69.25,90.55,20.00,34.10,52.90,72.35

12588341,20.00,64.20,68.00,86.60,20.00,33.40,53.45,73.75

12608346,20.00,64.10,70.55,91.80,20.00,33.20,52.95,70.75

12628350,20.00,56.95,65.10,86.60,20.00,34.00,54.90,75.55

12648352,20.00,63.80,67.45,89.65,20.00,34.25,53.35,73.55

12668639,20.00,67.30,72.95,97.40,20.00,33.15,52.85,73.35

12688359,20.00,65.10,71.70,94.75,20.00,33.95,54.00,73.75

12708363,20.00,66.60,72.25,96.70,20.00,33.00,53.00,72.35

12728367,20.00,64.85,72.70,97.35,20.00,33.25,52.45,74.10

12748371,20.00,59.30,68.90,90.20,20.00,32.95,51.15,72.65

12768502,20.00,68.40,70.40,96.15,20.00,32.35,50.35,69.35

12788377,20.00,82.45,84.60,109.20,20.00,38.05,60.75,77.95

12808381,20.00,74.90,86.80,115.15,20.00,34.95,57.95,79.20

12828384,20.00,70.15,80.40,101.85,20.00,34.15,55.65,76.45

12848388,20.00,63.30,72.25,96.70,20.00,33.80,54.25,75.55

12868391,20.00,65.25,72.00,93.90,20.00,33.05,52.75,70.40

12888396,20.00,68.20,74.20,99.35,20.00,33.20,52.55,72.35

12908400,20.00,65.80,72.90,95.60,20.00,33.00,51.90,70.55

12928405,20.00,68.75,74.35,97.85,20.00,33.10,51.25,70.15

12948410,20.00,67.25,74.25,97.80,20.00,33.20,51.65,70.70

12968609,20.00,64.10,70.75,95.75,20.00,33.05,51.60,72.20

12988422,20.00,65.70,70.95,93.30,20.00,32.65,53.15,73.45

13008427,20.00,67.50,72.30,96.35,20.00,33.50,53.65,74.50

13028430,20.00,65.65,72.50,96.65,20.00,32.40,53.15,74.90

13048436,20.00,67.85,72.75,96.15,20.00,32.95,53.30,70.90

13068440,20.00,66.50,74.30,93.60,20.00,33.25,52.45,73.00

13088445,20.00,66.00,71.25,92.90,20.00,33.05,52.65,71.35

13108451,20.00,62.45,69.10,93.45,20.00,31.70,51.95,69.05

13128456,20.00,61.75,70.10,92.10,20.00,31.30,51.05,69.45

13148460,20.00,63.95,67.95,88.70,20.00,32.50,51.80,72.05

13168465,20.00,66.80,70.00,91.75,20.00,33.15,52.45,70.65

13188468,20.00,67.40,72.90,95.70,20.00,33.15,53.10,73.25

13208473,20.00,61.45,69.95,90.25,20.00,33.10,53.35,71.65

13228476,20.00,75.00,78.05,104.05,20.00,43.20,69.60,86.15

13248481,20.00,73.20,87.00,113.15,20.00,38.25,61.15,78.80

13268553,20.00,60.40,70.50,95.05,20.00,34.10,54.90,71.95

13288489,20.00,62.25,68.75,92.10,20.00,33.55,52.80,70.35

13308494,20.00,60.65,67.30,85.50,20.00,33.55,53.80,72.80

13328498,20.00,61.55,67.95,87.90,20.00,33.00,52.60,72.65

13349104,20.00,61.85,67.70,88.00,20.00,33.50,52.60,73.00

13368509,20.00,66.15,70.85,93.05,20.00,32.45,52.05,70.30

13388514,20.00,64.20,69.80,90.10,20.00,32.15,49.95,69.45

13408519,20.00,62.60,68.65,91.85,20.00,32.05,51.75,70.50

13428523,20.00,59.15,67.95,88.45,20.00,32.60,51.45,71.15

13448888,20.00,67.45,70.65,95.55,20.00,31.95,51.25,69.05

13468529,20.00,63.30,71.70,93.25,20.00,32.95,52.20,73.70

13488533,20.00,67.60,71.45,94.30,20.00,31.85,51.75,68.70

13508537,20.00,66.25,73.05,97.35,20.00,32.50,51.70,70.45

13528540,20.00,63.80,71.00,95.00,20.00,31.40,50.05,70.30

13548543,20.00,60.95,69.55,89.30,20.00,32.55,51.00,69.15

13568546,20.00,64.70,68.75,91.60,20.00,32.80,52.55,72.75

13588549,20.00,64.55,70.15,90.95,20.00,32.30,50.45,69.70

13608551,20.00,65.80,72.55,96.15,20.00,32.85,50.05,68.50

13628555,20.00,67.10,71.45,92.35,20.00,33.45,53.15,70.95

13648558,20.00,64.30,71.40,96.00,20.00,32.90,53.00,70.95

13668561,20.00,63.10,71.45,92.95,20.00,32.40,52.70,73.05

13688566,20.00,58.80,67.30,91.25,20.00,33.05,52.45,71.20

13708570,20.00,57.85,65.15,83.95,20.00,32.45,51.65,71.00

13728575,20.00,56.75,63.30,83.00,20.00,32.60,51.65,69.00

13748582,20.00,67.95,71.15,94.75,20.00,32.85,52.40,69.15

13768588,20.00,63.90,70.15,91.55,20.00,31.45,50.15,67.80

13788594,20.00,66.00,70.80,91.35,20.00,32.85,52.40,71.20

13808600,20.00,64.55,70.75,94.20,20.00,32.10,52.60,69.95

13828606,20.00,63.10,69.40,91.25,20.00,33.60,52.75,72.45

13848611,20.00,63.30,68.00,88.10,20.00,33.40,52.25,71.25

13868616,20.00,64.20,70.20,97.15,20.00,32.70,51.50,71.90

13888623,20.00,62.55,70.45,94.10,20.00,32.35,52.10,71.00

13908630,20.00,64.25,70.30,95.25,20.00,32.05,51.25,69.80

13928909,20.00,65.05,70.65,93.80,20.00,33.15,51.05,69.40

13948643,20.00,66.40,71.60,92.85,20.00,32.45,51.60,69.05

13968650,20.00,63.10,69.65,87.35,20.00,33.05,52.80,70.65

13988656,20.00,61.65,66.45,87.90,20.00,31.80,52.05,71.75

14008755,20.00,61.65,70.10,101.35,20.00,32.85,52.65,71.20

14028664,20.00,68.75,73.65,96.00,20.00,33.10,52.15,69.20

14048670,20.00,63.60,71.85,95.90,20.00,32.70,51.25,71.60

14069199,20.00,68.10,72.15,93.50,20.00,33.55,53.15,72.45

14088680,20.00,65.30,73.05,92.15,20.00,33.10,52.20,71.00

14108685,20.00,60.20,66.95,88.70,20.00,34.05,53.30,74.60

14128795,20.00,64.00,69.35,92.80,20.00,32.75,52.30,71.55

14148696,20.00,64.10,69.50,93.40,20.00,33.15,52.95,73.40

14168700,20.00,62.25,68.40,87.70,20.00,33.05,52.25,74.25

14189310,20.00,62.15,68.00,92.30,20.00,32.90,51.95,71.55

14208709,20.00,64.15,70.65,93.75,20.00,34.30,52.30,73.30

14228712,20.00,63.75,69.30,90.95,20.00,32.55,51.50,69.05

14248716,20.00,72.35,74.80,95.75,20.00,33.60,52.60,73.20

14268723,20.00,65.95,75.85,98.65,20.00,33.65,52.05,69.90

14288726,20.00,65.65,71.45,94.90,20.00,33.30,53.00,71.75

14308731,20.00,66.10,72.95,92.65,20.00,34.20,52.60,72.35

14328735,20.00,68.50,73.85,97.90,20.00,33.80,53.10,72.00

14348739,20.00,68.85,73.05,93.80,20.00,34.05,53.55,74.00

14368743,20.00,63.50,72.35,95.20,20.00,33.30,52.45,71.15

14388747,20.00,59.15,67.75,91.20,20.00,33.55,51.65,67.85

14408752,20.00,63.45,68.65,90.30,20.00,33.00,51.50,73.10

14428755,20.00,66.50,71.20,91.95,20.00,32.70,50.70,70.75

14449198,20.00,67.55,73.45,94.80,20.00,33.55,52.40,72.65

14468762,20.00,71.40,76.20,97.85,20.00,34.15,53.35,73.70

14489270,20.00,63.30,74.60,96.35,20.00,34.00,53.90,74.10

14508768,20.00,61.90,67.10,86.20,20.00,33.65,52.80,73.10

14528772,20.00,69.70,72.75,95.15,20.00,33.65,52.90,74.90

14548796,20.00,68.25,74.30,98.45,20.00,33.60,51.30,72.60

14569460,20.00,63.60,72.20,93.50,20.00,34.45,52.40,73.10

14588785,20.00,68.30,73.95,94.75,20.00,33.70,53.15,76.15

14608790,20.00,63.70,72.50,99.10,20.00,33.10,53.10,72.05

14628794,20.00,66.70,71.75,96.95,20.00,33.85,52.85,74.70

14649023,20.00,72.70,78.95,108.65,20.00,34.75,52.45,72.65

14668802,20.00,68.65,78.70,100.70,20.00,34.50,53.50,75.65

14688806,20.00,64.70,74.20,101.65,20.00,33.50,54.00,73.45

14708912,20.00,66.25,72.00,98.00,20.00,34.25,53.70,74.10

14728813,20.00,67.65,75.35,101.25,20.00,34.00,54.35,76.30

14748817,20.00,69.25,75.05,98.70,20.00,33.50,52.70,74.75

14769352,20.00,68.20,76.00,99.25,20.00,33.95,52.60,73.25

14788823,20.00,66.30,73.65,99.15,20.00,34.25,53.65,71.95

14809420,20.00,68.30,74.50,101.80,20.00,33.50,51.85,72.60

14828836,20.00,62.40,72.55,94.90,20.00,33.95,52.80,71.35

14848836,20.00,61.30,67.90,88.70,20.00,33.90,53.60,72.60

14868841,20.00,66.50,70.00,91.75,20.00,33.60,53.95,74.50

14888844,20.00,65.55,70.95,92.80,20.00,33.35,53.00,73.05

14909281,20.00,66.00,72.75,100.65,20.00,34.05,53.15,73.80

14928853,20.00,69.75,75.60,98.50,20.00,32.15,51.45,70.95

14948911,20.00,65.60,72.75,94.75,20.00,33.80,53.35,73.00

14968861,20.00,67.25,70.50,89.40,20.00,33.45,52.05,70.25

14989388,20.00,63.65,73.05,96.45,20.00,33.40,50.50,68.75

15008870,20.00,66.05,70.10,95.15,20.00,34.00,53.55,71.50

15028875,20.00,64.85,71.40,96.75,20.00,33.85,52.90,72.40

15048879,20.00,65.45,73.40,101.35,20.00,34.05,53.95,73.15

15068881,20.00,66.10,73.85,98.65,20.00,33.05,52.25,74.65

15088885,20.00,65.40,70.75,92.70,20.00,32.95,51.25,70.00

15108889,20.00,65.20,71.45,95.80,20.00,33.25,52.30,71.90

15128892,20.00,66.65,71.85,96.20,20.00,33.30,51.75,69.75

15149419,20.00,73.75,78.75,103.35,20.00,34.25,52.35,72.90

15168901,20.00,64.95,75.50,100.20,20.00,33.30,51.40,70.95

15188906,20.00,66.40,71.10,91.55,20.00,34.40,53.90,75.00

15208910,20.00,67.70,74.25,98.70,20.00,33.90,53.90,75.80

15229102,20.00,69.90,76.10,101.85,20.00,34.80,54.50,73.75

15248916,20.00,71.20,77.55,100.10,20.00,35.20,56.80,75.65

15268920,20.00,73.20,78.75,100.55,20.00,33.90,51.95,73.95

15288924,20.00,70.75,77.90,103.95,20.00,33.95,53.50,75.50

15309219,20.00,70.70,79.30,104.35,20.00,35.00,54.50,72.65

15328931,20.00,69.65,77.05,100.40,20.00,33.95,52.50,74.35

15348935,20.00,70.80,77.10,103.15,20.00,34.25,52.55,72.10

15368938,20.00,72.15,78.30,102.75,20.00,34.25,53.45,72.10

15388942,20.00,66.40,74.60,97.65,20.00,33.45,52.10,72.60

15408947,20.00,64.10,71.90,99.05,20.00,34.45,55.15,75.50

15428952,20.00,60.80,69.45,95.20,20.00,34.45,54.15,75.65

15448956,20.00,68.75,72.25,96.35,20.00,33.70,53.20,72.50

15468961,20.00,66.65,73.90,97.90,20.00,33.00,52.95,72.30

15488965,20.00,61.50,68.90,87.60,20.00,34.15,53.65,74.55

15509107,20.00,72.60,77.25,101.45,20.00,34.30,52.60,73.55

15528971,20.00,61.80,74.55,96.70,20.00,34.10,52.25,70.90

15548973,20.00,64.70,70.30,93.75,20.00,34.25,52.75,74.95

15569399,20.00,68.60,74.10,100.00,20.00,33.60,52.90,74.55

15588977,20.00,62.70,71.10,94.60,20.00,32.75,50.05,69.50

15609246,20.00,67.30,69.95,87.45,20.00,33.70,51.75,70.30

15628981,20.00,67.15,72.00,93.30,20.00,34.25,52.95,74.15

15648983,20.00,66.00,73.15,97.65,20.00,32.55,50.55,70.10

15668986,20.00,69.95,76.35,101.30,20.00,32.10,51.55,69.05

15688989,20.00,66.45,73.80,96.80,20.00,31.95,50.80,70.15

15708993,20.00,66.45,72.95,93.70,20.00,33.40,51.70,72.60

15728995,20.00,64.80,70.90,91.30,20.00,33.95,51.70,72.65

15748997,20.00,65.75,72.10,95.05,20.00,33.20,51.25,70.50

15768999,20.00,66.50,71.80,95.65,20.00,33.30,51.75,71.95

15789001,20.00,70.00,74.95,95.10,20.00,33.40,53.20,72.50

15809590,20.00,65.80,72.40,97.00,20.00,33.60,52.85,71.50

15829004,20.00,68.20,74.65,97.95,20.00,32.05,51.80,74.20

15849006,20.00,67.00,75.15,99.15,20.00,32.50,50.90,68.35

15869008,20.00,66.25,72.75,95.15,20.00,33.15,51.05,71.50

15889012,20.00,65.90,71.20,92.95,20.00,32.60,49.75,68.45

15909015,20.00,65.55,72.15,94.95,20.00,32.90,51.10,69.35

15929018,20.00,67.90,72.10,95.85,20.00,32.90,52.75,69.90

15949020,20.00,66.65,74.40,97.65,20.00,32.55,52.00,70.90

15969023,20.00,63.70,71.10,93.60,20.00,34.25,53.25,71.50

15989025,20.00,69.45,74.80,96.30,20.00,34.35,53.25,74.45

16009029,20.00,59.40,70.10,91.40,20.00,34.15,52.85,74.75

16029465,20.00,63.55,68.85,88.10,20.00,32.85,52.25,71.05

16049035,20.00,65.60,70.15,96.15,20.00,33.30,52.70,72.45

16069037,20.00,65.95,72.50,96.85,20.00,33.70,52.70,72.55

16089040,20.00,66.30,72.60,96.05,20.00,33.75,51.75,72.15

16109042,20.00,61.00,68.90,89.70,20.00,34.05,51.45,72.75

16129044,20.00,64.85,69.20,92.55,20.00,34.55,51.90,69.65

16149340,20.00,71.70,76.00,98.90,20.00,32.55,50.65,69.55

16169050,20.00,72.40,77.40,98.75,20.00,31.50,50.75,70.50

16189053,20.00,61.65,72.60,93.75,20.00,33.20,51.35,70.45

16209056,20.00,66.50,71.40,94.20,20.00,33.75,51.50,68.95

16229057,20.00,65.30,71.30,92.55,20.00,33.65,53.05,70.65

16249059,20.00,64.75,71.60,93.50,20.00,32.80,51.20,71.00

16269061,20.00,64.35,70.20,93.05,20.00,32.55,50.20,68.70

16289063,20.00,65.50,70.35,91.40,20.00,33.05,51.40,71.50

16309065,20.00,69.80,72.55,95.20,20.00,32.85,52.35,72.15

16329066,20.00,66.45,72.85,95.00,20.00,33.85,52.45,71.45

16349534,20.00,64.95,71.40,94.00,20.00,31.85,50.30,67.95

16369069,20.00,64.80,70.75,93.10,20.00,31.95,50.25,67.95

16389163,20.00,68.40,71.15,93.40,20.00,33.75,52.60,70.55

16409074,20.00,66.50,73.70,97.25,20.00,33.20,50.90,69.30

16429076,20.00,65.75,73.00,99.80,20.00,33.20,51.30,72.55

16449079,20.00,66.40,72.50,94.25,20.00,32.50,49.65,69.70

16469082,20.00,67.80,72.55,94.95,20.00,32.85,51.70,70.40

16489086,20.00,66.25,72.65,97.65,20.00,33.55,51.35,69.60

16509088,20.00,66.75,71.95,94.05,20.00,33.70,53.15,72.75

16529091,20.00,65.40,72.50,94.45,20.00,33.05,52.30,72.35

16549781,20.00,67.75,72.85,96.90,20.00,33.05,52.10,70.75

16569094,20.00,63.35,70.15,95.20,20.00,34.30,53.55,74.00

16589097,20.00,68.75,72.75,92.70,20.00,33.40,52.25,70.65

16609298,20.00,63.65,72.35,100.00,20.00,33.00,51.40,71.05

16629101,20.00,60.45,69.40,90.25,20.00,32.20,50.80,69.60

16649554,20.00,65.05,69.65,91.60,20.00,33.25,50.75,69.40

16669106,20.00,66.40,72.80,97.10,20.00,33.90,51.70,72.20

16689110,20.00,62.85,70.25,91.00,20.00,33.60,50.85,70.00

16709627,20.00,66.45,71.20,96.60,20.00,32.60,51.80,72.10

16729117,20.00,66.25,73.35,95.40,20.00,33.85,53.05,74.35

16749674,20.00,61.70,69.60,92.60,20.00,33.80,52.10,72.80

16769127,20.00,69.15,71.85,93.20,20.00,33.55,51.55,72.70

16789130,20.00,68.80,76.40,96.05,20.00,33.10,51.20,70.35

16809134,20.00,64.85,72.15,94.55,20.00,33.65,52.30,71.20

16829138,20.00,64.75,71.50,96.20,20.00,33.50,50.30,67.95

16849142,20.00,63.70,71.65,93.35,20.00,33.65,52.70,70.90

16869487,20.00,60.65,67.85,87.65,20.00,34.05,53.65,73.70

16889149,20.00,67.20,70.20,91.55,20.00,33.60,52.40,74.05

16909152,20.00,60.50,69.20,91.80,20.00,33.80,52.50,73.25

16929156,20.00,61.90,67.70,90.40,20.00,34.00,51.40,71.10

16949183,20.00,64.10,69.95,93.75,20.00,33.35,52.95,72.75

16969165,20.00,65.50,70.80,91.80,20.00,32.90,52.15,69.40

16989169,20.00,64.70,70.05,92.25,20.00,33.55,51.35,69.20

17009173,20.00,67.25,73.40,95.80,20.00,33.70,52.35,73.10

17029177,20.00,69.40,73.90,97.40,20.00,33.75,52.50,73.00

17049180,20.00,62.55,71.85,96.50,20.00,32.30,51.50,69.60

17069184,20.00,63.00,69.55,93.90,20.00,32.55,51.40,71.20

17089188,20.00,67.90,73.05,96.75,20.00,32.50,50.35,71.90

17109192,20.00,70.90,79.20,99.90,20.00,33.30,52.30,74.30

17129195,20.00,62.30,70.75,93.00,20.00,33.30,52.20,72.60

17149468,20.00,62.20,68.45,89.85,20.00,33.25,50.60,71.90

17169202,20.00,62.95,67.55,86.15,20.00,33.15,52.15,73.85

17189208,20.00,62.85,68.70,89.10,20.00,34.15,53.45,74.75

17209215,20.00,66.70,73.60,94.45,20.00,33.00,52.65,71.05

17229216,20.00,66.40,71.55,96.80,18.00,33.44,50.78,68.94

17249219,20.00,61.15,70.50,91.10,20.00,33.45,53.05,70.95

17269222,20.00,63.30,69.95,92.40,20.00,32.80,51.60,70.20

17289225,20.00,62.20,68.90,91.70,20.00,33.40,52.35,70.55

17309425,20.00,66.25,71.10,91.60,20.00,32.50,50.55,67.75

17329229,20.00,67.10,73.15,94.35,20.00,33.70,52.70,70.10

17349232,20.00,61.95,71.00,94.60,20.00,33.05,52.70,71.00

17369234,20.00,66.30,69.20,88.15,20.00,33.85,51.90,72.95

17389826,20.00,64.60,71.95,96.80,20.00,32.65,51.30,71.60

17409239,20.00,64.30,70.75,91.95,20.00,32.50,50.95,69.70

17429241,20.00,61.40,68.25,88.55,20.00,32.20,51.30,73.70

17449243,20.00,62.50,68.30,89.00,20.00,33.20,53.90,73.85

17469245,20.00,60.55,68.00,89.45,20.00,32.80,52.00,70.05

17489248,20.00,67.80,72.25,91.90,20.00,32.90,52.30,70.45

17509250,20.00,60.10,68.35,88.35,20.00,33.35,52.45,69.85

17529252,20.00,60.75,67.30,84.75,20.00,33.45,51.40,70.35

17549255,20.00,62.00,66.65,89.60,20.00,32.40,52.20,69.55

17569256,20.00,62.35,68.40,88.50,20.00,33.10,51.70,71.45

17589257,20.00,63.50,69.25,90.80,20.00,33.15,52.35,72.20

17609260,20.00,60.80,68.00,90.20,20.00,32.55,51.20,68.75

17629262,20.00,62.75,68.15,88.75,20.00,33.50,52.40,70.55

17649265,20.00,63.45,69.15,88.70,20.00,32.10,51.30,68.40

17669266,20.00,63.15,69.45,89.40,20.00,32.80,51.45,68.85

17689269,20.00,64.25,69.60,95.55,20.00,33.05,53.10,70.00

17709813,20.00,60.55,67.95,91.65,20.00,33.30,51.45,71.90

17729275,20.00,68.25,73.30,97.95,20.00,33.15,50.30,71.55

17749279,20.00,57.60,68.45,90.45,20.00,33.45,51.25,70.30

17769283,20.00,59.85,65.15,84.25,20.00,32.40,50.95,70.20

17789493,20.00,61.10,67.10,85.85,20.00,32.50,51.40,68.15

17809287,20.00,69.05,71.45,94.45,20.00,32.40,51.80,70.45

17829291,20.00,64.20,72.05,96.65,20.00,33.90,54.05,71.95

17849295,20.00,60.20,68.25,90.15,20.00,32.55,51.15,70.55

17869298,20.00,62.90,68.50,89.60,20.00,32.90,51.15,72.50

17889300,20.00,64.30,69.70,94.20,20.00,32.55,53.10,72.25

17909303,20.00,63.55,69.95,95.55,20.00,32.65,52.20,72.55

17929752,20.00,59.45,68.70,89.10,20.00,33.10,52.95,71.00

17949309,20.00,62.05,66.95,88.45,20.00,33.80,53.75,73.00

17969314,20.00,63.20,69.35,90.70,20.00,32.75,51.90,71.15

17989320,20.00,63.00,68.60,89.35,20.00,33.35,50.20,67.90

18009865,20.00,70.50,73.45,97.25,20.00,32.95,51.30,71.85

18029329,20.00,67.10,75.70,96.95,20.00,33.30,53.20,72.75

18049333,20.00,68.35,73.00,93.35,20.00,33.10,52.10,70.05

18069336,20.00,68.45,74.05,95.25,20.00,32.70,52.20,68.50

18089338,20.00,61.80,71.75,94.70,20.00,33.40,52.10,69.30

18109340,20.00,63.60,68.75,91.75,20.00,32.25,52.20,69.80

18129342,20.00,64.90,70.45,89.15,20.00,31.75,51.05,67.60

18149343,20.00,64.75,69.45,92.70,20.00,32.45,52.40,72.90

18169622,20.00,62.70,68.80,89.25,20.00,32.40,52.45,71.75

18189349,20.00,63.75,68.65,86.95,20.00,32.75,52.00,70.65

18209352,18.00,66.44,70.33,92.44,20.00,33.30,52.25,72.60

18229356,20.00,63.00,71.70,95.85,20.00,32.85,51.70,72.25

18249359,20.00,58.80,67.60,90.50,20.00,32.45,51.95,70.85

18269362,20.00,63.35,68.05,90.20,20.00,32.65,50.05,67.90

18289364,20.00,61.35,66.50,88.65,20.00,31.85,51.55,71.95

18309367,20.00,63.65,69.00,87.50,20.00,32.80,51.90,71.40

18329368,20.00,60.10,67.65,89.50,20.00,33.45,51.85,71.65

18349373,20.00,60.05,66.30,84.95,20.00,33.25,51.60,71.25

18369797,20.00,62.25,67.20,87.35,20.00,33.25,53.70,74.50

18389375,20.00,60.70,66.75,86.05,20.00,32.55,51.90,68.60

18409719,20.00,67.30,70.15,92.55,20.00,32.90,53.05,70.25

18429379,20.00,65.40,70.45,94.00,20.00,32.15,50.60,71.00

18449383,20.00,63.00,69.20,89.70,20.00,32.80,51.95,69.35

18469387,20.00,62.95,68.45,89.85,20.00,32.45,51.15,69.55

18489391,20.00,64.70,70.35,94.20,20.00,32.35,51.00,70.45

18509394,20.00,59.90,68.40,86.15,20.00,32.85,52.95,73.45

18529397,20.00,58.10,64.85,88.65,20.00,33.25,52.05,69.55

18549401,20.00,62.85,66.60,86.80,20.00,32.90,51.75,66.45

18569402,20.00,64.80,69.35,91.10,20.00,32.10,49.60,68.70

18589472,20.00,64.90,70.70,92.65,20.00,31.60,48.10,66.85

18609407,20.00,66.40,72.35,95.55,20.00,32.55,49.85,71.30

18630088,20.00,61.65,68.60,89.05,20.00,32.15,49.80,71.50

18649414,20.00,62.50,69.05,91.35,20.00,33.20,51.05,71.45

18669419,20.00,62.40,67.40,87.65,20.00,33.25,51.85,69.40

18689423,20.00,62.45,68.10,89.70,20.00,33.15,49.60,68.35

18709427,20.00,62.10,68.20,89.70,20.00,32.45,49.05,69.70

18729430,20.00,63.35,68.20,91.40,20.00,32.00,49.70,68.80

18749433,20.00,62.25,68.40,88.40,20.00,33.15,52.35,70.50

18769436,20.00,65.95,70.35,87.80,20.00,31.70,48.90,67.20

18789438,20.00,61.45,68.45,87.90,20.00,33.55,52.50,71.80

18809441,20.00,60.80,67.70,88.30,20.00,33.30,51.20,70.05

18829443,20.00,64.20,68.60,88.55,20.00,33.15,52.70,74.65

18849446,20.00,61.00,67.80,88.10,20.00,32.60,51.50,69.40

18869449,20.00,64.90,67.95,87.35,20.00,33.25,52.20,70.50

18889453,20.00,56.10,64.60,82.75,20.00,33.05,48.95,66.40

18909458,20.00,58.60,64.25,85.30,20.00,32.75,52.10,71.90

18929461,20.00,64.20,68.25,94.25,20.00,32.05,51.50,72.35

18949465,20.00,65.75,71.30,93.45,20.00,31.30,50.30,66.45

18969467,20.00,60.90,68.25,88.95,20.00,31.00,49.90,69.90

18989471,20.00,65.20,69.10,91.55,20.00,31.20,49.60,69.05

19009475,20.00,62.30,69.60,90.80,20.00,32.85,51.40,70.90

19029897,20.00,62.40,68.00,87.10,20.00,32.25,51.60,68.25

19049480,20.00,61.90,67.90,91.25,20.00,32.30,51.25,72.10

19069484,20.00,63.45,70.05,92.80,20.00,32.85,50.25,68.70

19089679,20.00,63.55,68.55,88.35,20.00,31.85,48.65,68.65

19109491,20.00,59.95,66.85,85.30,20.00,32.45,50.90,71.35

19129495,20.00,67.30,70.50,90.35,20.00,32.85,51.15,71.35

19149499,20.00,62.50,68.80,87.45,20.00,31.85,50.50,72.45

19169503,20.00,64.45,69.95,88.15,20.00,32.75,50.65,70.30

19189506,20.00,60.35,66.55,84.75,20.00,33.60,52.20,68.85

19210203,20.00,60.35,66.20,85.00,20.00,32.45,50.15,69.50

19229511,20.00,61.45,66.10,84.95,20.00,32.75,49.90,66.70

19249513,20.00,59.65,65.00,84.10,20.00,31.95,49.45,67.50

19269517,20.00,59.65,66.50,85.05,20.00,31.55,48.30,66.40

19289518,20.00,61.10,67.20,85.60,20.00,31.50,49.70,68.45

19309521,20.00,57.70,66.55,84.70,20.00,32.20,49.70,68.35

19329523,20.00,57.65,61.60,84.05,20.00,32.95,50.40,66.55

19349526,20.00,63.15,65.85,85.20,20.00,31.95,51.10,69.95

19369529,20.00,65.70,68.45,87.55,20.00,32.35,53.65,74.15

19389531,20.00,60.00,68.85,92.80,20.00,32.75,51.85,66.10

19409531,20.00,60.00,67.50,86.50,20.00,32.25,50.55,68.45

19430222,20.00,57.85,64.15,83.90,20.00,33.60,51.85,70.45

19449534,20.00,61.10,66.05,88.35,20.00,32.50,49.80,68.65